Name,ID
Among Us,510218
Anno 1800,498638
Apex Legends,511224
Arcane,1341174521
Back 4 Blood,511746
Black Desert Online,386821
Blankos Block Party,1820173024
Conqueror's Blade,498523
Crossfire,27101
Crossout,492113
Crowfall,489956
Diablo II: Resurrected,1788326126
Don't Starve Together,488634
Dungeon Fighter Online,25367
DwarfHeim,513558
Dying Light 2: Stay Human,506410
Elite: Dangerous,80607
ELYON,500907
Enlisted,505257
Escape from Tarkov,491931
Eternal Return,512864
Far Cry 6,518692
Fault,514152
FIFA 21,518204
FIFA Online 4,504798
First Class Trouble,515486
For Honor,490382
Fortnite,33214
FUSER,516513
GangV: Battle Royale,1041038203
Goose Goose Duck,14333696
Gwent: The Witcher Card Game,493217
Halo Infinite,506416
Hearthstone,138585
Hood: Outlaws & Legends,519108
HUMANKIND,514071
Infestation: Battle Royale,516316
Infestation: Survivor Stories,66432
Infestation: The New Z,491289
Iron Conflict,483809063
Knockout City,1924769596
Krunker,508391
Last Day on Earth: Survival,497697
League of Legends: Wild Rift,514858
Lemnis Gate,512182
LOST ARK,490100
M.A.R.S.,261655144
Madden NFL 22,966064811
Marbles On Stream,509511
MLB The Show 21,1160459167
Mortal Shell,516915
Myth of Empires,805842275
Naraka: Bladepoint,515474
New World,493597
No Man's Sky,458781
Out of the Park Baseball 22,1886157643
Overcooked! All You Can Eat,518847
Overwatch,488552
Paladins,491115
Path of Exile,29307
Phantom Abyss,1812167143
Project Genesis,512898
PUBG: BATTLEGROUNDS,493057
Rex.io,518699
Riders Republic,519559
Rocket League,30921
Rogue Company,514194
Rust,263490
Sabotaj,517476
Scavengers,504726
Sea of Thieves,490377
Sector's Edge,513252
Skydome,510074
SMITE,32507
Special Events,509663
Stream Raiders,511230
Teamfight Tactics,513143
The Crew 2,497118
The Cycle: Frontier,470840663
The Elder Scrolls Online,65654
Tom Clancy's Rainbow Six Siege,460630
Trove,412756
War Thunder,66366
Warface,29918
Warframe,66170
World of Tanks,27546
World of Warships,32502
WWE Champions,491560
WWE SuperCard,461427
XERA: Survival,494531
Zenith: The Last City,1618840991
